{"directed": false, "multigraph": false, "graph": [], "nodes": [{"id": "101 Philosophy Problems"}, {"id": "11:11 Inspiring Conversations"}, {"id": "8 Secrets of Tao Te Ching"}, {"id": "A Book of Five Rings: The Classic Guide to Strategy"}, {"id": "A Brief History of Thought: A Philosophical Guide to Living"}, {"id": "A Brief History of Time"}, {"id": "A Dialogue on Personal Identity and Immortality"}, {"id": "A Happy Death"}, {"id": "A History of God: The 4,000-Year Quest of Judaism, Christianity, and Islam"}, {"id": "A History of Western Philosophy"}, {"id": "A Life Worthy of the Gods: The Materialist Psychology of Epicurus"}, {"id": "A Little History of Philosophy"}, {"id": "A Lover's Discourse: Fragments"}, {"id": "A Path with Heart: A Guide Through the Perils and Promises of Spiritual Life"}, {"id": "A Philosophy of Sport"}, {"id": "A Room of One's Own"}, {"id": "A Sand County Almanac and Sketches Here and There"}, {"id": "A Short History of Decay"}, {"id": "A Short History of Nearly Everything"}, {"id": "A Stranger's Knowledge: Statesmanship, Philosophy, and Law in Plato's Statesman"}, {"id": "A Testament of Hope: The Essential Writings and Speeches"}, {"id": "A Theory of Justice"}, {"id": "A Thousand Plateaus: Capitalism and Schizophrenia"}, {"id": "A Time to Love and a Time to Die"}, {"id": "A Treatise of Human Nature"}, {"id": "A Vindication of the Rights of Woman"}, {"id": "A Voice Crying in the Wilderness (Vox Clamantis in Deserto): Notes from a Secret Journal"}, {"id": "A-Ma Alchemy of Love"}, {"id": "Action Philosophers! Giant-Sized Thing, Vol. 1"}], "adjacency": [[{"weight": 6, "id": "11:11 Inspiring Conversations"}, {"weight": 9, "id": "8 Secrets of Tao Te Ching"}, {"weight": 0, "id": "A Book of Five Rings: The Classic Guide to Strategy"}, {"weight": 34, "id": "A Brief History of Thought: A Philosophical Guide to Living"}, {"weight": 8, "id": "A Brief History of Time"}, {"weight": 15, "id": "A Dialogue on Personal Identity and Immortality"}, {"weight": 10, "id": "A Happy Death"}, {"weight": 60, "id": "A History of God: The 4,000-Year Quest of Judaism, Christianity, and Islam"}, {"weight": 0, "id": "A History of Western Philosophy"}, {"weight": 0, "id": "A Life Worthy of the Gods: The Materialist Psychology of Epicurus"}, {"weight": 18, "id": "A Little History of Philosophy"}, {"weight": 18, "id": "A Lover's Discourse: Fragments"}, {"weight": 3, "id": "A Path with Heart: A Guide Through the Perils and Promises of Spiritual Life"}, {"weight": 3, "id": "A Philosophy of Sport"}, {"weight": 0, "id": "A Room of One's Own"}, {"weight": 10, "id": "A Sand County Almanac and Sketches Here and There"}, {"weight": 5, "id": "A Short History of Decay"}, {"weight": 3, "id": "A Short History of Nearly Everything"}, {"weight": 21, "id": "A Stranger's Knowledge: Statesmanship, Philosophy, and Law in Plato's Statesman"}, {"weight": 0, "id": "A Testament of Hope: The Essential Writings and Speeches"}, {"weight": 26, "id": "A Theory of Justice"}, {"weight": 33, "id": "A Thousand Plateaus: Capitalism and Schizophrenia"}, {"weight": 0, "id": "A Time to Love and a Time to Die"}, {"weight": 58, "id": "A Treatise of Human Nature"}, {"weight": 26, "id": "A Vindication of the Rights of Woman"}, {"weight": 11, "id": "A Voice Crying in the Wilderness (Vox Clamantis in Deserto): Notes from a Secret Journal"}, {"weight": 36, "id": "A-Ma Alchemy of Love"}, {"weight": 0, "id": "Action Philosophers! Giant-Sized Thing, Vol. 1"}], [{"weight": 6, "id": "101 Philosophy Problems"}, {"weight": 6, "id": "8 Secrets of Tao Te Ching"}, {"weight": 5, "id": "A Book of Five Rings: The Classic Guide to Strategy"}, {"weight": 52, "id": "A Brief History of Thought: A Philosophical Guide to Living"}, {"weight": 8, "id": "A Brief History of Time"}, {"weight": 20, "id": "A Dialogue on Personal Identity and Immortality"}, {"weight": 15, "id": "A Happy Death"}, {"weight": 63, "id": "A History of God: The 4,000-Year Quest of Judaism, Christianity, and Islam"}, {"weight": 6, "id": "A History of Western Philosophy"}, {"weight": 0, "id": "A Life Worthy of the Gods: The Materialist Psychology of Epicurus"}, {"weight": 39, "id": "A Little History of Philosophy"}, {"weight": 18, "id": "A Lover's Discourse: Fragments"}, {"weight": 3, "id": "A Path with Heart: A Guide Through the Perils and Promises of Spiritual Life"}, {"weight": 12, "id": "A Philosophy of Sport"}, {"weight": 0, "id": "A Room of One's Own"}, {"weight": 10, "id": "A Sand County Almanac and Sketches Here and There"}, {"weight": 10, "id": "A Short History of Decay"}, {"weight": 3, "id": "A Short History of Nearly Everything"}, {"weight": 18, "id": "A Stranger's Knowledge: Statesmanship, Philosophy, and Law in Plato's Statesman"}, {"weight": 3, "id": "A Testament of Hope: The Essential Writings and Speeches"}, {"weight": 31, "id": "A Theory of Justice"}, {"weight": 59, "id": "A Thousand Plateaus: Capitalism and Schizophrenia"}, {"weight": 0, "id": "A Time to Love and a Time to Die"}, {"weight": 76, "id": "A Treatise of Human Nature"}, {"weight": 26, "id": "A Vindication of the Rights of Woman"}, {"weight": 11, "id": "A Voice Crying in the Wilderness (Vox Clamantis in Deserto): Notes from a Secret Journal"}, {"weight": 39, "id": "A-Ma Alchemy of Love"}, {"weight": 3, "id": "Action Philosophers! Giant-Sized Thing, Vol. 1"}], [{"weight": 9, "id": "101 Philosophy Problems"}, {"weight": 6, "id": "11:11 Inspiring Conversations"}, {"weight": 5, "id": "A Book of Five Rings: The Classic Guide to Strategy"}, {"weight": 52, "id": "A Brief History of Thought: A Philosophical Guide to Living"}, {"weight": 8, "id": "A Brief History of Time"}, {"weight": 20, "id": "A Dialogue on Personal Identity and Immortality"}, {"weight": 15, "id": "A Happy Death"}, {"weight": 63, "id": "A History of God: The 4,000-Year Quest of Judaism, Christianity, and Islam"}, {"weight": 6, "id": "A History of Western Philosophy"}, {"weight": 0, "id": "A Life Worthy of the Gods: The Materialist Psychology of Epicurus"}, {"weight": 39, "id": "A Little History of Philosophy"}, {"weight": 18, "id": "A Lover's Discourse: Fragments"}, {"weight": 3, "id": "A Path with Heart: A Guide Through the Perils and Promises of Spiritual Life"}, {"weight": 12, "id": "A Philosophy of Sport"}, {"weight": 0, "id": "A Room of One's Own"}, {"weight": 10, "id": "A Sand County Almanac and Sketches Here and There"}, {"weight": 10, "id": "A Short History of Decay"}, {"weight": 3, "id": "A Short History of Nearly Everything"}, {"weight": 21, "id": "A Stranger's Knowledge: Statesmanship, Philosophy, and Law in Plato's Statesman"}, {"weight": 3, "id": "A Testament of Hope: The Essential Writings and Speeches"}, {"weight": 31, "id": "A Theory of Justice"}, {"weight": 59, "id": "A Thousand Plateaus: Capitalism and Schizophrenia"}, {"weight": 0, "id": "A Time to Love and a Time to Die"}, {"weight": 76, "id": "A Treatise of Human Nature"}, {"weight": 23, "id": "A Vindication of the Rights of Woman"}, {"weight": 11, "id": "A Voice Crying in the Wilderness (Vox Clamantis in Deserto): Notes from a Secret Journal"}, {"weight": 39, "id": "A-Ma Alchemy of Love"}, {"weight": 3, "id": "Action Philosophers! Giant-Sized Thing, Vol. 1"}], [{"weight": 0, "id": "101 Philosophy Problems"}, {"weight": 5, "id": "11:11 Inspiring Conversations"}, {"weight": 5, "id": "8 Secrets of Tao Te Ching"}, {"weight": 47, "id": "A Brief History of Thought: A Philosophical Guide to Living"}, {"weight": 8, "id": "A Brief History of Time"}, {"weight": 15, "id": "A Dialogue on Personal Identity and Immortality"}, {"weight": 10, "id": "A Happy Death"}, {"weight": 63, "id": "A History of God: The 4,000-Year Quest of Judaism, Christianity, and Islam"}, {"weight": 6, "id": "A History of Western Philosophy"}, {"weight": 0, "id": "A Life Worthy of the Gods: The Materialist Psychology of Epicurus"}, {"weight": 34, "id": "A Little History of Philosophy"}, {"weight": 18, "id": "A Lover's Discourse: Fragments"}, {"weight": 3, "id": "A Path with Heart: A Guide Through the Perils and Promises of Spiritual Life"}, {"weight": 12, "id": "A Philosophy of Sport"}, {"weight": 0, "id": "A Room of One's Own"}, {"weight": 10, "id": "A Sand County Almanac and Sketches Here and There"}, {"weight": 5, "id": "A Short History of Decay"}, {"weight": 3, "id": "A Short History of Nearly Everything"}, {"weight": 24, "id": "A Stranger's Knowledge: Statesmanship, Philosophy, and Law in Plato's Statesman"}, {"weight": 3, "id": "A Testament of Hope: The Essential Writings and Speeches"}, {"weight": 26, "id": "A Theory of Justice"}, {"weight": 54, "id": "A Thousand Plateaus: Capitalism and Schizophrenia"}, {"weight": 0, "id": "A Time to Love and a Time to Die"}, {"weight": 71, "id": "A Treatise of Human Nature"}, {"weight": 26, "id": "A Vindication of the Rights of Woman"}, {"weight": 11, "id": "A Voice Crying in the Wilderness (Vox Clamantis in Deserto): Notes from a Secret Journal"}, {"weight": 39, "id": "A-Ma Alchemy of Love"}, {"weight": 3, "id": "Action Philosophers! Giant-Sized Thing, Vol. 1"}], [{"weight": 34, "id": "101 Philosophy Problems"}, {"weight": 52, "id": "11:11 Inspiring Conversations"}, {"weight": 52, "id": "8 Secrets of Tao Te Ching"}, {"weight": 47, "id": "A Book of Five Rings: The Classic Guide to Strategy"}, {"weight": 8, "id": "A Brief History of Time"}, {"weight": 10, "id": "A Dialogue on Personal Identity and Immortality"}, {"weight": 5, "id": "A Happy Death"}, {"weight": 57, "id": "A History of God: The 4,000-Year Quest of Judaism, Christianity, and Islam"}, {"weight": 3, "id": "A History of Western Philosophy"}, {"weight": 0, "id": "A Life Worthy of the Gods: The Materialist Psychology of Epicurus"}, {"weight": 16, "id": "A Little History of Philosophy"}, {"weight": 18, "id": "A Lover's Discourse: Fragments"}, {"weight": 3, "id": "A Path with Heart: A Guide Through the Perils and Promises of Spiritual Life"}, {"weight": 9, "id": "A Philosophy of Sport"}, {"weight": 0, "id": "A Room of One's Own"}, {"weight": 10, "id": "A Sand County Almanac and Sketches Here and There"}, {"weight": 5, "id": "A Short History of Decay"}, {"weight": 3, "id": "A Short History of Nearly Everything"}, {"weight": 21, "id": "A Stranger's Knowledge: Statesmanship, Philosophy, and Law in Plato's Statesman"}, {"weight": 3, "id": "A Testament of Hope: The Essential Writings and Speeches"}, {"weight": 16, "id": "A Theory of Justice"}, {"weight": 36, "id": "A Thousand Plateaus: Capitalism and Schizophrenia"}, {"weight": 0, "id": "A Time to Love and a Time to Die"}, {"weight": 53, "id": "A Treatise of Human Nature"}, {"weight": 26, "id": "A Vindication of the Rights of Woman"}, {"weight": 6, "id": "A Voice Crying in the Wilderness (Vox Clamantis in Deserto): Notes from a Secret Journal"}, {"weight": 31, "id": "A-Ma Alchemy of Love"}, {"weight": 0, "id": "Action Philosophers! Giant-Sized Thing, Vol. 1"}], [{"weight": 8, "id": "101 Philosophy Problems"}, {"weight": 8, "id": "11:11 Inspiring Conversations"}, {"weight": 8, "id": "8 Secrets of Tao Te Ching"}, {"weight": 8, "id": "A Book of Five Rings: The Classic Guide to Strategy"}, {"weight": 8, "id": "A Brief History of Thought: A Philosophical Guide to Living"}, {"weight": 20, "id": "A Dialogue on Personal Identity and Immortality"}, {"weight": 15, "id": "A Happy Death"}, {"weight": 63, "id": "A History of God: The 4,000-Year Quest of Judaism, Christianity, and Islam"}, {"weight": 6, "id": "A History of Western Philosophy"}, {"weight": 0, "id": "A Life Worthy of the Gods: The Materialist Psychology of Epicurus"}, {"weight": 39, "id": "A Little History of Philosophy"}, {"weight": 18, "id": "A Lover's Discourse: Fragments"}, {"weight": 3, "id": "A Path with Heart: A Guide Through the Perils and Promises of Spiritual Life"}, {"weight": 12, "id": "A Philosophy of Sport"}, {"weight": 0, "id": "A Room of One's Own"}, {"weight": 10, "id": "A Sand County Almanac and Sketches Here and There"}, {"weight": 10, "id": "A Short History of Decay"}, {"weight": 0, "id": "A Short History of Nearly Everything"}, {"weight": 21, "id": "A Stranger's Knowledge: Statesmanship, Philosophy, and Law in Plato's Statesman"}, {"weight": 3, "id": "A Testament of Hope: The Essential Writings and Speeches"}, {"weight": 31, "id": "A Theory of Justice"}, {"weight": 59, "id": "A Thousand Plateaus: Capitalism and Schizophrenia"}, {"weight": 0, "id": "A Time to Love and a Time to Die"}, {"weight": 76, "id": "A Treatise of Human Nature"}, {"weight": 26, "id": "A Vindication of the Rights of Woman"}, {"weight": 11, "id": "A Voice Crying in the Wilderness (Vox Clamantis in Deserto): Notes from a Secret Journal"}, {"weight": 39, "id": "A-Ma Alchemy of Love"}, {"weight": 3, "id": "Action Philosophers! Giant-Sized Thing, Vol. 1"}], [{"weight": 15, "id": "101 Philosophy Problems"}, {"weight": 20, "id": "11:11 Inspiring Conversations"}, {"weight": 20, "id": "8 Secrets of Tao Te Ching"}, {"weight": 15, "id": "A Book of Five Rings: The Classic Guide to Strategy"}, {"weight": 10, "id": "A Brief History of Thought: A Philosophical Guide to Living"}, {"weight": 20, "id": "A Brief History of Time"}, {"weight": 10, "id": "A Happy Death"}, {"weight": 63, "id": "A History of God: The 4,000-Year Quest of Judaism, Christianity, and Islam"}, {"weight": 6, "id": "A History of Western Philosophy"}, {"weight": 0, "id": "A Life Worthy of the Gods: The Materialist Psychology of Epicurus"}, {"weight": 29, "id": "A Little History of Philosophy"}, {"weight": 18, "id": "A Lover's Discourse: Fragments"}, {"weight": 3, "id": "A Path with Heart: A Guide Through the Perils and Promises of Spiritual Life"}, {"weight": 12, "id": "A Philosophy of Sport"}, {"weight": 0, "id": "A Room of One's Own"}, {"weight": 10, "id": "A Sand County Almanac and Sketches Here and There"}, {"weight": 5, "id": "A Short History of Decay"}, {"weight": 3, "id": "A Short History of Nearly Everything"}, {"weight": 24, "id": "A Stranger's Knowledge: Statesmanship, Philosophy, and Law in Plato's Statesman"}, {"weight": 3, "id": "A Testament of Hope: The Essential Writings and Speeches"}, {"weight": 21, "id": "A Theory of Justice"}, {"weight": 49, "id": "A Thousand Plateaus: Capitalism and Schizophrenia"}, {"weight": 0, "id": "A Time to Love and a Time to Die"}, {"weight": 66, "id": "A Treatise of Human Nature"}, {"weight": 26, "id": "A Vindication of the Rights of Woman"}, {"weight": 11, "id": "A Voice Crying in the Wilderness (Vox Clamantis in Deserto): Notes from a Secret Journal"}, {"weight": 34, "id": "A-Ma Alchemy of Love"}, {"weight": 3, "id": "Action Philosophers! Giant-Sized Thing, Vol. 1"}], [{"weight": 10, "id": "101 Philosophy Problems"}, {"weight": 15, "id": "11:11 Inspiring Conversations"}, {"weight": 15, "id": "8 Secrets of Tao Te Ching"}, {"weight": 10, "id": "A Book of Five Rings: The Classic Guide to Strategy"}, {"weight": 5, "id": "A Brief History of Thought: A Philosophical Guide to Living"}, {"weight": 15, "id": "A Brief History of Time"}, {"weight": 10, "id": "A Dialogue on Personal Identity and Immortality"}, {"weight": 63, "id": "A History of God: The 4,000-Year Quest of Judaism, Christianity, and Islam"}, {"weight": 6, "id": "A History of Western Philosophy"}, {"weight": 0, "id": "A Life Worthy of the Gods: The Materialist Psychology of Epicurus"}, {"weight": 34, "id": "A Little History of Philosophy"}, {"weight": 18, "id": "A Lover's Discourse: Fragments"}, {"weight": 3, "id": "A Path with Heart: A Guide Through the Perils and Promises of Spiritual Life"}, {"weight": 12, "id": "A Philosophy of Sport"}, {"weight": 0, "id": "A Room of One's Own"}, {"weight": 10, "id": "A Sand County Almanac and Sketches Here and There"}, {"weight": 5, "id": "A Short History of Decay"}, {"weight": 3, "id": "A Short History of Nearly Everything"}, {"weight": 24, "id": "A Stranger's Knowledge: Statesmanship, Philosophy, and Law in Plato's Statesman"}, {"weight": 3, "id": "A Testament of Hope: The Essential Writings and Speeches"}, {"weight": 21, "id": "A Theory of Justice"}, {"weight": 49, "id": "A Thousand Plateaus: Capitalism and Schizophrenia"}, {"weight": 0, "id": "A Time to Love and a Time to Die"}, {"weight": 66, "id": "A Treatise of Human Nature"}, {"weight": 26, "id": "A Vindication of the Rights of Woman"}, {"weight": 6, "id": "A Voice Crying in the Wilderness (Vox Clamantis in Deserto): Notes from a Secret Journal"}, {"weight": 39, "id": "A-Ma Alchemy of Love"}, {"weight": 3, "id": "Action Philosophers! Giant-Sized Thing, Vol. 1"}], [{"weight": 60, "id": "101 Philosophy Problems"}, {"weight": 63, "id": "11:11 Inspiring Conversations"}, {"weight": 63, "id": "8 Secrets of Tao Te Ching"}, {"weight": 63, "id": "A Book of Five Rings: The Classic Guide to Strategy"}, {"weight": 57, "id": "A Brief History of Thought: A Philosophical Guide to Living"}, {"weight": 63, "id": "A Brief History of Time"}, {"weight": 63, "id": "A Dialogue on Personal Identity and Immortality"}, {"weight": 63, "id": "A Happy Death"}, {"weight": 3, "id": "A History of Western Philosophy"}, {"weight": 0, "id": "A Life Worthy of the Gods: The Materialist Psychology of Epicurus"}, {"weight": 36, "id": "A Little History of Philosophy"}, {"weight": 18, "id": "A Lover's Discourse: Fragments"}, {"weight": 3, "id": "A Path with Heart: A Guide Through the Perils and Promises of Spiritual Life"}, {"weight": 9, "id": "A Philosophy of Sport"}, {"weight": 0, "id": "A Room of One's Own"}, {"weight": 10, "id": "A Sand County Almanac and Sketches Here and There"}, {"weight": 10, "id": "A Short History of Decay"}, {"weight": 3, "id": "A Short History of Nearly Everything"}, {"weight": 21, "id": "A Stranger's Knowledge: Statesmanship, Philosophy, and Law in Plato's Statesman"}, {"weight": 3, "id": "A Testament of Hope: The Essential Writings and Speeches"}, {"weight": 31, "id": "A Theory of Justice"}, {"weight": 56, "id": "A Thousand Plateaus: Capitalism and Schizophrenia"}, {"weight": 0, "id": "A Time to Love and a Time to Die"}, {"weight": 73, "id": "A Treatise of Human Nature"}, {"weight": 26, "id": "A Vindication of the Rights of Woman"}, {"weight": 11, "id": "A Voice Crying in the Wilderness (Vox Clamantis in Deserto): Notes from a Secret Journal"}, {"weight": 36, "id": "A-Ma Alchemy of Love"}, {"weight": 0, "id": "Action Philosophers! Giant-Sized Thing, Vol. 1"}], [{"weight": 0, "id": "101 Philosophy Problems"}, {"weight": 6, "id": "11:11 Inspiring Conversations"}, {"weight": 6, "id": "8 Secrets of Tao Te Ching"}, {"weight": 6, "id": "A Book of Five Rings: The Classic Guide to Strategy"}, {"weight": 3, "id": "A Brief History of Thought: A Philosophical Guide to Living"}, {"weight": 6, "id": "A Brief History of Time"}, {"weight": 6, "id": "A Dialogue on Personal Identity and Immortality"}, {"weight": 6, "id": "A Happy Death"}, {"weight": 3, "id": "A History of God: The 4,000-Year Quest of Judaism, Christianity, and Islam"}, {"weight": 0, "id": "A Life Worthy of the Gods: The Materialist Psychology of Epicurus"}, {"weight": 33, "id": "A Little History of Philosophy"}, {"weight": 18, "id": "A Lover's Discourse: Fragments"}, {"weight": 3, "id": "A Path with Heart: A Guide Through the Perils and Promises of Spiritual Life"}, {"weight": 6, "id": "A Philosophy of Sport"}, {"weight": 0, "id": "A Room of One's Own"}, {"weight": 10, "id": "A Sand County Almanac and Sketches Here and There"}, {"weight": 10, "id": "A Short History of Decay"}, {"weight": 3, "id": "A Short History of Nearly Everything"}, {"weight": 21, "id": "A Stranger's Knowledge: Statesmanship, Philosophy, and Law in Plato's Statesman"}, {"weight": 3, "id": "A Testament of Hope: The Essential Writings and Speeches"}, {"weight": 31, "id": "A Theory of Justice"}, {"weight": 53, "id": "A Thousand Plateaus: Capitalism and Schizophrenia"}, {"weight": 0, "id": "A Time to Love and a Time to Die"}, {"weight": 73, "id": "A Treatise of Human Nature"}, {"weight": 26, "id": "A Vindication of the Rights of Woman"}, {"weight": 11, "id": "A Voice Crying in the Wilderness (Vox Clamantis in Deserto): Notes from a Secret Journal"}, {"weight": 36, "id": "A-Ma Alchemy of Love"}, {"weight": 0, "id": "Action Philosophers! Giant-Sized Thing, Vol. 1"}], [{"weight": 0, "id": "101 Philosophy Problems"}, {"weight": 0, "id": "11:11 Inspiring Conversations"}, {"weight": 0, "id": "8 Secrets of Tao Te Ching"}, {"weight": 0, "id": "A Book of Five Rings: The Classic Guide to Strategy"}, {"weight": 0, "id": "A Brief History of Thought: A Philosophical Guide to Living"}, {"weight": 0, "id": "A Brief History of Time"}, {"weight": 0, "id": "A Dialogue on Personal Identity and Immortality"}, {"weight": 0, "id": "A Happy Death"}, {"weight": 0, "id": "A History of God: The 4,000-Year Quest of Judaism, Christianity, and Islam"}, {"weight": 0, "id": "A History of Western Philosophy"}, {"weight": 39, "id": "A Little History of Philosophy"}, {"weight": 18, "id": "A Lover's Discourse: Fragments"}, {"weight": 3, "id": "A Path with Heart: A Guide Through the Perils and Promises of Spiritual Life"}, {"weight": 12, "id": "A Philosophy of Sport"}, {"weight": 0, "id": "A Room of One's Own"}, {"weight": 10, "id": "A Sand County Almanac and Sketches Here and There"}, {"weight": 10, "id": "A Short History of Decay"}, {"weight": 3, "id": "A Short History of Nearly Everything"}, {"weight": 24, "id": "A Stranger's Knowledge: Statesmanship, Philosophy, and Law in Plato's Statesman"}, {"weight": 3, "id": "A Testament of Hope: The Essential Writings and Speeches"}, {"weight": 31, "id": "A Theory of Justice"}, {"weight": 59, "id": "A Thousand Plateaus: Capitalism and Schizophrenia"}, {"weight": 0, "id": "A Time to Love and a Time to Die"}, {"weight": 76, "id": "A Treatise of Human Nature"}, {"weight": 26, "id": "A Vindication of the Rights of Woman"}, {"weight": 11, "id": "A Voice Crying in the Wilderness (Vox Clamantis in Deserto): Notes from a Secret Journal"}, {"weight": 39, "id": "A-Ma Alchemy of Love"}, {"weight": 3, "id": "Action Philosophers! Giant-Sized Thing, Vol. 1"}], [{"weight": 18, "id": "101 Philosophy Problems"}, {"weight": 39, "id": "11:11 Inspiring Conversations"}, {"weight": 39, "id": "8 Secrets of Tao Te Ching"}, {"weight": 34, "id": "A Book of Five Rings: The Classic Guide to Strategy"}, {"weight": 16, "id": "A Brief History of Thought: A Philosophical Guide to Living"}, {"weight": 39, "id": "A Brief History of Time"}, {"weight": 29, "id": "A Dialogue on Personal Identity and Immortality"}, {"weight": 34, "id": "A Happy Death"}, {"weight": 36, "id": "A History of God: The 4,000-Year Quest of Judaism, Christianity, and Islam"}, {"weight": 33, "id": "A History of Western Philosophy"}, {"weight": 39, "id": "A Life Worthy of the Gods: The Materialist Psychology of Epicurus"}, {"weight": 18, "id": "A Lover's Discourse: Fragments"}, {"weight": 3, "id": "A Path with Heart: A Guide Through the Perils and Promises of Spiritual Life"}, {"weight": 6, "id": "A Philosophy of Sport"}, {"weight": 0, "id": "A Room of One's Own"}, {"weight": 10, "id": "A Sand County Almanac and Sketches Here and There"}, {"weight": 5, "id": "A Short History of Decay"}, {"weight": 3, "id": "A Short History of Nearly Everything"}, {"weight": 18, "id": "A Stranger's Knowledge: Statesmanship, Philosophy, and Law in Plato's Statesman"}, {"weight": 3, "id": "A Testament of Hope: The Essential Writings and Speeches"}, {"weight": 21, "id": "A Theory of Justice"}, {"weight": 38, "id": "A Thousand Plateaus: Capitalism and Schizophrenia"}, {"weight": 0, "id": "A Time to Love and a Time to Die"}, {"weight": 58, "id": "A Treatise of Human Nature"}, {"weight": 26, "id": "A Vindication of the Rights of Woman"}, {"weight": 11, "id": "A Voice Crying in the Wilderness (Vox Clamantis in Deserto): Notes from a Secret Journal"}, {"weight": 31, "id": "A-Ma Alchemy of Love"}, {"weight": 0, "id": "Action Philosophers! Giant-Sized Thing, Vol. 1"}], [{"weight": 18, "id": "101 Philosophy Problems"}, {"weight": 18, "id": "11:11 Inspiring Conversations"}, {"weight": 18, "id": "8 Secrets of Tao Te Ching"}, {"weight": 18, "id": "A Book of Five Rings: The Classic Guide to Strategy"}, {"weight": 18, "id": "A Brief History of Thought: A Philosophical Guide to Living"}, {"weight": 18, "id": "A Brief History of Time"}, {"weight": 18, "id": "A Dialogue on Personal Identity and Immortality"}, {"weight": 18, "id": "A Happy Death"}, {"weight": 18, "id": "A History of God: The 4,000-Year Quest of Judaism, Christianity, and Islam"}, {"weight": 18, "id": "A History of Western Philosophy"}, {"weight": 18, "id": "A Life Worthy of the Gods: The Materialist Psychology of Epicurus"}, {"weight": 18, "id": "A Little History of Philosophy"}, {"weight": 3, "id": "A Path with Heart: A Guide Through the Perils and Promises of Spiritual Life"}, {"weight": 12, "id": "A Philosophy of Sport"}, {"weight": 0, "id": "A Room of One's Own"}, {"weight": 10, "id": "A Sand County Almanac and Sketches Here and There"}, {"weight": 10, "id": "A Short History of Decay"}, {"weight": 3, "id": "A Short History of Nearly Everything"}, {"weight": 24, "id": "A Stranger's Knowledge: Statesmanship, Philosophy, and Law in Plato's Statesman"}, {"weight": 3, "id": "A Testament of Hope: The Essential Writings and Speeches"}, {"weight": 31, "id": "A Theory of Justice"}, {"weight": 59, "id": "A Thousand Plateaus: Capitalism and Schizophrenia"}, {"weight": 0, "id": "A Time to Love and a Time to Die"}, {"weight": 76, "id": "A Treatise of Human Nature"}, {"weight": 26, "id": "A Vindication of the Rights of Woman"}, {"weight": 11, "id": "A Voice Crying in the Wilderness (Vox Clamantis in Deserto): Notes from a Secret Journal"}, {"weight": 39, "id": "A-Ma Alchemy of Love"}, {"weight": 3, "id": "Action Philosophers! Giant-Sized Thing, Vol. 1"}], [{"weight": 3, "id": "101 Philosophy Problems"}, {"weight": 3, "id": "11:11 Inspiring Conversations"}, {"weight": 3, "id": "8 Secrets of Tao Te Ching"}, {"weight": 3, "id": "A Book of Five Rings: The Classic Guide to Strategy"}, {"weight": 3, "id": "A Brief History of Thought: A Philosophical Guide to Living"}, {"weight": 3, "id": "A Brief History of Time"}, {"weight": 3, "id": "A Dialogue on Personal Identity and Immortality"}, {"weight": 3, "id": "A Happy Death"}, {"weight": 3, "id": "A History of God: The 4,000-Year Quest of Judaism, Christianity, and Islam"}, {"weight": 3, "id": "A History of Western Philosophy"}, {"weight": 3, "id": "A Life Worthy of the Gods: The Materialist Psychology of Epicurus"}, {"weight": 3, "id": "A Little History of Philosophy"}, {"weight": 3, "id": "A Lover's Discourse: Fragments"}, {"weight": 12, "id": "A Philosophy of Sport"}, {"weight": 0, "id": "A Room of One's Own"}, {"weight": 10, "id": "A Sand County Almanac and Sketches Here and There"}, {"weight": 10, "id": "A Short History of Decay"}, {"weight": 3, "id": "A Short History of Nearly Everything"}, {"weight": 24, "id": "A Stranger's Knowledge: Statesmanship, Philosophy, and Law in Plato's Statesman"}, {"weight": 3, "id": "A Testament of Hope: The Essential Writings and Speeches"}, {"weight": 31, "id": "A Theory of Justice"}, {"weight": 59, "id": "A Thousand Plateaus: Capitalism and Schizophrenia"}, {"weight": 0, "id": "A Time to Love and a Time to Die"}, {"weight": 76, "id": "A Treatise of Human Nature"}, {"weight": 26, "id": "A Vindication of the Rights of Woman"}, {"weight": 11, "id": "A Voice Crying in the Wilderness (Vox Clamantis in Deserto): Notes from a Secret Journal"}, {"weight": 39, "id": "A-Ma Alchemy of Love"}, {"weight": 3, "id": "Action Philosophers! Giant-Sized Thing, Vol. 1"}], [{"weight": 3, "id": "101 Philosophy Problems"}, {"weight": 12, "id": "11:11 Inspiring Conversations"}, {"weight": 12, "id": "8 Secrets of Tao Te Ching"}, {"weight": 12, "id": "A Book of Five Rings: The Classic Guide to Strategy"}, {"weight": 9, "id": "A Brief History of Thought: A Philosophical Guide to Living"}, {"weight": 12, "id": "A Brief History of Time"}, {"weight": 12, "id": "A Dialogue on Personal Identity and Immortality"}, {"weight": 12, "id": "A Happy Death"}, {"weight": 9, "id": "A History of God: The 4,000-Year Quest of Judaism, Christianity, and Islam"}, {"weight": 6, "id": "A History of Western Philosophy"}, {"weight": 12, "id": "A Life Worthy of the Gods: The Materialist Psychology of Epicurus"}, {"weight": 6, "id": "A Little History of Philosophy"}, {"weight": 12, "id": "A Lover's Discourse: Fragments"}, {"weight": 12, "id": "A Path with Heart: A Guide Through the Perils and Promises of Spiritual Life"}, {"weight": 0, "id": "A Room of One's Own"}, {"weight": 10, "id": "A Sand County Almanac and Sketches Here and There"}, {"weight": 10, "id": "A Short History of Decay"}, {"weight": 3, "id": "A Short History of Nearly Everything"}, {"weight": 21, "id": "A Stranger's Knowledge: Statesmanship, Philosophy, and Law in Plato's Statesman"}, {"weight": 0, "id": "A Testament of Hope: The Essential Writings and Speeches"}, {"weight": 31, "id": "A Theory of Justice"}, {"weight": 53, "id": "A Thousand Plateaus: Capitalism and Schizophrenia"}, {"weight": 0, "id": "A Time to Love and a Time to Die"}, {"weight": 73, "id": "A Treatise of Human Nature"}, {"weight": 26, "id": "A Vindication of the Rights of Woman"}, {"weight": 11, "id": "A Voice Crying in the Wilderness (Vox Clamantis in Deserto): Notes from a Secret Journal"}, {"weight": 36, "id": "A-Ma Alchemy of Love"}, {"weight": 0, "id": "Action Philosophers! Giant-Sized Thing, Vol. 1"}], [{"weight": 0, "id": "101 Philosophy Problems"}, {"weight": 0, "id": "11:11 Inspiring Conversations"}, {"weight": 0, "id": "8 Secrets of Tao Te Ching"}, {"weight": 0, "id": "A Book of Five Rings: The Classic Guide to Strategy"}, {"weight": 0, "id": "A Brief History of Thought: A Philosophical Guide to Living"}, {"weight": 0, "id": "A Brief History of Time"}, {"weight": 0, "id": "A Dialogue on Personal Identity and Immortality"}, {"weight": 0, "id": "A Happy Death"}, {"weight": 0, "id": "A History of God: The 4,000-Year Quest of Judaism, Christianity, and Islam"}, {"weight": 0, "id": "A History of Western Philosophy"}, {"weight": 0, "id": "A Life Worthy of the Gods: The Materialist Psychology of Epicurus"}, {"weight": 0, "id": "A Little History of Philosophy"}, {"weight": 0, "id": "A Lover's Discourse: Fragments"}, {"weight": 0, "id": "A Path with Heart: A Guide Through the Perils and Promises of Spiritual Life"}, {"weight": 0, "id": "A Philosophy of Sport"}, {"weight": 10, "id": "A Sand County Almanac and Sketches Here and There"}, {"weight": 10, "id": "A Short History of Decay"}, {"weight": 3, "id": "A Short History of Nearly Everything"}, {"weight": 24, "id": "A Stranger's Knowledge: Statesmanship, Philosophy, and Law in Plato's Statesman"}, {"weight": 3, "id": "A Testament of Hope: The Essential Writings and Speeches"}, {"weight": 31, "id": "A Theory of Justice"}, {"weight": 59, "id": "A Thousand Plateaus: Capitalism and Schizophrenia"}, {"weight": 0, "id": "A Time to Love and a Time to Die"}, {"weight": 76, "id": "A Treatise of Human Nature"}, {"weight": 26, "id": "A Vindication of the Rights of Woman"}, {"weight": 11, "id": "A Voice Crying in the Wilderness (Vox Clamantis in Deserto): Notes from a Secret Journal"}, {"weight": 39, "id": "A-Ma Alchemy of Love"}, {"weight": 3, "id": "Action Philosophers! Giant-Sized Thing, Vol. 1"}], [{"weight": 10, "id": "101 Philosophy Problems"}, {"weight": 10, "id": "11:11 Inspiring Conversations"}, {"weight": 10, "id": "8 Secrets of Tao Te Ching"}, {"weight": 10, "id": "A Book of Five Rings: The Classic Guide to Strategy"}, {"weight": 10, "id": "A Brief History of Thought: A Philosophical Guide to Living"}, {"weight": 10, "id": "A Brief History of Time"}, {"weight": 10, "id": "A Dialogue on Personal Identity and Immortality"}, {"weight": 10, "id": "A Happy Death"}, {"weight": 10, "id": "A History of God: The 4,000-Year Quest of Judaism, Christianity, and Islam"}, {"weight": 10, "id": "A History of Western Philosophy"}, {"weight": 10, "id": "A Life Worthy of the Gods: The Materialist Psychology of Epicurus"}, {"weight": 10, "id": "A Little History of Philosophy"}, {"weight": 10, "id": "A Lover's Discourse: Fragments"}, {"weight": 10, "id": "A Path with Heart: A Guide Through the Perils and Promises of Spiritual Life"}, {"weight": 10, "id": "A Philosophy of Sport"}, {"weight": 10, "id": "A Room of One's Own"}, {"weight": 10, "id": "A Short History of Decay"}, {"weight": 3, "id": "A Short History of Nearly Everything"}, {"weight": 24, "id": "A Stranger's Knowledge: Statesmanship, Philosophy, and Law in Plato's Statesman"}, {"weight": 3, "id": "A Testament of Hope: The Essential Writings and Speeches"}, {"weight": 31, "id": "A Theory of Justice"}, {"weight": 59, "id": "A Thousand Plateaus: Capitalism and Schizophrenia"}, {"weight": 0, "id": "A Time to Love and a Time to Die"}, {"weight": 71, "id": "A Treatise of Human Nature"}, {"weight": 21, "id": "A Vindication of the Rights of Woman"}, {"weight": 11, "id": "A Voice Crying in the Wilderness (Vox Clamantis in Deserto): Notes from a Secret Journal"}, {"weight": 34, "id": "A-Ma Alchemy of Love"}, {"weight": 3, "id": "Action Philosophers! Giant-Sized Thing, Vol. 1"}], [{"weight": 5, "id": "101 Philosophy Problems"}, {"weight": 10, "id": "11:11 Inspiring Conversations"}, {"weight": 10, "id": "8 Secrets of Tao Te Ching"}, {"weight": 5, "id": "A Book of Five Rings: The Classic Guide to Strategy"}, {"weight": 5, "id": "A Brief History of Thought: A Philosophical Guide to Living"}, {"weight": 10, "id": "A Brief History of Time"}, {"weight": 5, "id": "A Dialogue on Personal Identity and Immortality"}, {"weight": 5, "id": "A Happy Death"}, {"weight": 10, "id": "A History of God: The 4,000-Year Quest of Judaism, Christianity, and Islam"}, {"weight": 10, "id": "A History of Western Philosophy"}, {"weight": 10, "id": "A Life Worthy of the Gods: The Materialist Psychology of Epicurus"}, {"weight": 5, "id": "A Little History of Philosophy"}, {"weight": 10, "id": "A Lover's Discourse: Fragments"}, {"weight": 10, "id": "A Path with Heart: A Guide Through the Perils and Promises of Spiritual Life"}, {"weight": 10, "id": "A Philosophy of Sport"}, {"weight": 10, "id": "A Room of One's Own"}, {"weight": 10, "id": "A Sand County Almanac and Sketches Here and There"}, {"weight": 3, "id": "A Short History of Nearly Everything"}, {"weight": 24, "id": "A Stranger's Knowledge: Statesmanship, Philosophy, and Law in Plato's Statesman"}, {"weight": 3, "id": "A Testament of Hope: The Essential Writings and Speeches"}, {"weight": 26, "id": "A Theory of Justice"}, {"weight": 54, "id": "A Thousand Plateaus: Capitalism and Schizophrenia"}, {"weight": 0, "id": "A Time to Love and a Time to Die"}, {"weight": 71, "id": "A Treatise of Human Nature"}, {"weight": 26, "id": "A Vindication of the Rights of Woman"}, {"weight": 11, "id": "A Voice Crying in the Wilderness (Vox Clamantis in Deserto): Notes from a Secret Journal"}, {"weight": 39, "id": "A-Ma Alchemy of Love"}, {"weight": 3, "id": "Action Philosophers! Giant-Sized Thing, Vol. 1"}], [{"weight": 3, "id": "101 Philosophy Problems"}, {"weight": 3, "id": "11:11 Inspiring Conversations"}, {"weight": 3, "id": "8 Secrets of Tao Te Ching"}, {"weight": 3, "id": "A Book of Five Rings: The Classic Guide to Strategy"}, {"weight": 3, "id": "A Brief History of Thought: A Philosophical Guide to Living"}, {"weight": 0, "id": "A Brief History of Time"}, {"weight": 3, "id": "A Dialogue on Personal Identity and Immortality"}, {"weight": 3, "id": "A Happy Death"}, {"weight": 3, "id": "A History of God: The 4,000-Year Quest of Judaism, Christianity, and Islam"}, {"weight": 3, "id": "A History of Western Philosophy"}, {"weight": 3, "id": "A Life Worthy of the Gods: The Materialist Psychology of Epicurus"}, {"weight": 3, "id": "A Little History of Philosophy"}, {"weight": 3, "id": "A Lover's Discourse: Fragments"}, {"weight": 3, "id": "A Path with Heart: A Guide Through the Perils and Promises of Spiritual Life"}, {"weight": 3, "id": "A Philosophy of Sport"}, {"weight": 3, "id": "A Room of One's Own"}, {"weight": 3, "id": "A Sand County Almanac and Sketches Here and There"}, {"weight": 3, "id": "A Short History of Decay"}, {"weight": 21, "id": "A Stranger's Knowledge: Statesmanship, Philosophy, and Law in Plato's Statesman"}, {"weight": 3, "id": "A Testament of Hope: The Essential Writings and Speeches"}, {"weight": 31, "id": "A Theory of Justice"}, {"weight": 59, "id": "A Thousand Plateaus: Capitalism and Schizophrenia"}, {"weight": 0, "id": "A Time to Love and a Time to Die"}, {"weight": 76, "id": "A Treatise of Human Nature"}, {"weight": 26, "id": "A Vindication of the Rights of Woman"}, {"weight": 11, "id": "A Voice Crying in the Wilderness (Vox Clamantis in Deserto): Notes from a Secret Journal"}, {"weight": 39, "id": "A-Ma Alchemy of Love"}, {"weight": 3, "id": "Action Philosophers! Giant-Sized Thing, Vol. 1"}], [{"weight": 21, "id": "101 Philosophy Problems"}, {"weight": 18, "id": "11:11 Inspiring Conversations"}, {"weight": 21, "id": "8 Secrets of Tao Te Ching"}, {"weight": 24, "id": "A Book of Five Rings: The Classic Guide to Strategy"}, {"weight": 21, "id": "A Brief History of Thought: A Philosophical Guide to Living"}, {"weight": 21, "id": "A Brief History of Time"}, {"weight": 24, "id": "A Dialogue on Personal Identity and Immortality"}, {"weight": 24, "id": "A Happy Death"}, {"weight": 21, "id": "A History of God: The 4,000-Year Quest of Judaism, Christianity, and Islam"}, {"weight": 21, "id": "A History of Western Philosophy"}, {"weight": 24, "id": "A Life Worthy of the Gods: The Materialist Psychology of Epicurus"}, {"weight": 18, "id": "A Little History of Philosophy"}, {"weight": 24, "id": "A Lover's Discourse: Fragments"}, {"weight": 24, "id": "A Path with Heart: A Guide Through the Perils and Promises of Spiritual Life"}, {"weight": 21, "id": "A Philosophy of Sport"}, {"weight": 24, "id": "A Room of One's Own"}, {"weight": 24, "id": "A Sand County Almanac and Sketches Here and There"}, {"weight": 24, "id": "A Short History of Decay"}, {"weight": 21, "id": "A Short History of Nearly Everything"}, {"weight": 3, "id": "A Testament of Hope: The Essential Writings and Speeches"}, {"weight": 28, "id": "A Theory of Justice"}, {"weight": 56, "id": "A Thousand Plateaus: Capitalism and Schizophrenia"}, {"weight": 0, "id": "A Time to Love and a Time to Die"}, {"weight": 73, "id": "A Treatise of Human Nature"}, {"weight": 26, "id": "A Vindication of the Rights of Woman"}, {"weight": 11, "id": "A Voice Crying in the Wilderness (Vox Clamantis in Deserto): Notes from a Secret Journal"}, {"weight": 36, "id": "A-Ma Alchemy of Love"}, {"weight": 0, "id": "Action Philosophers! Giant-Sized Thing, Vol. 1"}], [{"weight": 0, "id": "101 Philosophy Problems"}, {"weight": 3, "id": "11:11 Inspiring Conversations"}, {"weight": 3, "id": "8 Secrets of Tao Te Ching"}, {"weight": 3, "id": "A Book of Five Rings: The Classic Guide to Strategy"}, {"weight": 3, "id": "A Brief History of Thought: A Philosophical Guide to Living"}, {"weight": 3, "id": "A Brief History of Time"}, {"weight": 3, "id": "A Dialogue on Personal Identity and Immortality"}, {"weight": 3, "id": "A Happy Death"}, {"weight": 3, "id": "A History of God: The 4,000-Year Quest of Judaism, Christianity, and Islam"}, {"weight": 3, "id": "A History of Western Philosophy"}, {"weight": 3, "id": "A Life Worthy of the Gods: The Materialist Psychology of Epicurus"}, {"weight": 3, "id": "A Little History of Philosophy"}, {"weight": 3, "id": "A Lover's Discourse: Fragments"}, {"weight": 3, "id": "A Path with Heart: A Guide Through the Perils and Promises of Spiritual Life"}, {"weight": 0, "id": "A Philosophy of Sport"}, {"weight": 3, "id": "A Room of One's Own"}, {"weight": 3, "id": "A Sand County Almanac and Sketches Here and There"}, {"weight": 3, "id": "A Short History of Decay"}, {"weight": 3, "id": "A Short History of Nearly Everything"}, {"weight": 3, "id": "A Stranger's Knowledge: Statesmanship, Philosophy, and Law in Plato's Statesman"}, {"weight": 31, "id": "A Theory of Justice"}, {"weight": 59, "id": "A Thousand Plateaus: Capitalism and Schizophrenia"}, {"weight": 0, "id": "A Time to Love and a Time to Die"}, {"weight": 76, "id": "A Treatise of Human Nature"}, {"weight": 26, "id": "A Vindication of the Rights of Woman"}, {"weight": 11, "id": "A Voice Crying in the Wilderness (Vox Clamantis in Deserto): Notes from a Secret Journal"}, {"weight": 39, "id": "A-Ma Alchemy of Love"}, {"weight": 3, "id": "Action Philosophers! Giant-Sized Thing, Vol. 1"}], [{"weight": 26, "id": "101 Philosophy Problems"}, {"weight": 31, "id": "11:11 Inspiring Conversations"}, {"weight": 31, "id": "8 Secrets of Tao Te Ching"}, {"weight": 26, "id": "A Book of Five Rings: The Classic Guide to Strategy"}, {"weight": 16, "id": "A Brief History of Thought: A Philosophical Guide to Living"}, {"weight": 31, "id": "A Brief History of Time"}, {"weight": 21, "id": "A Dialogue on Personal Identity and Immortality"}, {"weight": 21, "id": "A Happy Death"}, {"weight": 31, "id": "A History of God: The 4,000-Year Quest of Judaism, Christianity, and Islam"}, {"weight": 31, "id": "A History of Western Philosophy"}, {"weight": 31, "id": "A Life Worthy of the Gods: The Materialist Psychology of Epicurus"}, {"weight": 21, "id": "A Little History of Philosophy"}, {"weight": 31, "id": "A Lover's Discourse: Fragments"}, {"weight": 31, "id": "A Path with Heart: A Guide Through the Perils and Promises of Spiritual Life"}, {"weight": 31, "id": "A Philosophy of Sport"}, {"weight": 31, "id": "A Room of One's Own"}, {"weight": 31, "id": "A Sand County Almanac and Sketches Here and There"}, {"weight": 26, "id": "A Short History of Decay"}, {"weight": 31, "id": "A Short History of Nearly Everything"}, {"weight": 28, "id": "A Stranger's Knowledge: Statesmanship, Philosophy, and Law in Plato's Statesman"}, {"weight": 31, "id": "A Testament of Hope: The Essential Writings and Speeches"}, {"weight": 49, "id": "A Thousand Plateaus: Capitalism and Schizophrenia"}, {"weight": 0, "id": "A Time to Love and a Time to Die"}, {"weight": 66, "id": "A Treatise of Human Nature"}, {"weight": 26, "id": "A Vindication of the Rights of Woman"}, {"weight": 6, "id": "A Voice Crying in the Wilderness (Vox Clamantis in Deserto): Notes from a Secret Journal"}, {"weight": 34, "id": "A-Ma Alchemy of Love"}, {"weight": 3, "id": "Action Philosophers! Giant-Sized Thing, Vol. 1"}], [{"weight": 33, "id": "101 Philosophy Problems"}, {"weight": 59, "id": "11:11 Inspiring Conversations"}, {"weight": 59, "id": "8 Secrets of Tao Te Ching"}, {"weight": 54, "id": "A Book of Five Rings: The Classic Guide to Strategy"}, {"weight": 36, "id": "A Brief History of Thought: A Philosophical Guide to Living"}, {"weight": 59, "id": "A Brief History of Time"}, {"weight": 49, "id": "A Dialogue on Personal Identity and Immortality"}, {"weight": 49, "id": "A Happy Death"}, {"weight": 56, "id": "A History of God: The 4,000-Year Quest of Judaism, Christianity, and Islam"}, {"weight": 53, "id": "A History of Western Philosophy"}, {"weight": 59, "id": "A Life Worthy of the Gods: The Materialist Psychology of Epicurus"}, {"weight": 38, "id": "A Little History of Philosophy"}, {"weight": 59, "id": "A Lover's Discourse: Fragments"}, {"weight": 59, "id": "A Path with Heart: A Guide Through the Perils and Promises of Spiritual Life"}, {"weight": 53, "id": "A Philosophy of Sport"}, {"weight": 59, "id": "A Room of One's Own"}, {"weight": 59, "id": "A Sand County Almanac and Sketches Here and There"}, {"weight": 54, "id": "A Short History of Decay"}, {"weight": 59, "id": "A Short History of Nearly Everything"}, {"weight": 56, "id": "A Stranger's Knowledge: Statesmanship, Philosophy, and Law in Plato's Statesman"}, {"weight": 59, "id": "A Testament of Hope: The Essential Writings and Speeches"}, {"weight": 49, "id": "A Theory of Justice"}, {"weight": 0, "id": "A Time to Love and a Time to Die"}, {"weight": 48, "id": "A Treatise of Human Nature"}, {"weight": 26, "id": "A Vindication of the Rights of Woman"}, {"weight": 6, "id": "A Voice Crying in the Wilderness (Vox Clamantis in Deserto): Notes from a Secret Journal"}, {"weight": 36, "id": "A-Ma Alchemy of Love"}, {"weight": 0, "id": "Action Philosophers! Giant-Sized Thing, Vol. 1"}], [{"weight": 0, "id": "101 Philosophy Problems"}, {"weight": 0, "id": "11:11 Inspiring Conversations"}, {"weight": 0, "id": "8 Secrets of Tao Te Ching"}, {"weight": 0, "id": "A Book of Five Rings: The Classic Guide to Strategy"}, {"weight": 0, "id": "A Brief History of Thought: A Philosophical Guide to Living"}, {"weight": 0, "id": "A Brief History of Time"}, {"weight": 0, "id": "A Dialogue on Personal Identity and Immortality"}, {"weight": 0, "id": "A Happy Death"}, {"weight": 0, "id": "A History of God: The 4,000-Year Quest of Judaism, Christianity, and Islam"}, {"weight": 0, "id": "A History of Western Philosophy"}, {"weight": 0, "id": "A Life Worthy of the Gods: The Materialist Psychology of Epicurus"}, {"weight": 0, "id": "A Little History of Philosophy"}, {"weight": 0, "id": "A Lover's Discourse: Fragments"}, {"weight": 0, "id": "A Path with Heart: A Guide Through the Perils and Promises of Spiritual Life"}, {"weight": 0, "id": "A Philosophy of Sport"}, {"weight": 0, "id": "A Room of One's Own"}, {"weight": 0, "id": "A Sand County Almanac and Sketches Here and There"}, {"weight": 0, "id": "A Short History of Decay"}, {"weight": 0, "id": "A Short History of Nearly Everything"}, {"weight": 0, "id": "A Stranger's Knowledge: Statesmanship, Philosophy, and Law in Plato's Statesman"}, {"weight": 0, "id": "A Testament of Hope: The Essential Writings and Speeches"}, {"weight": 0, "id": "A Theory of Justice"}, {"weight": 0, "id": "A Thousand Plateaus: Capitalism and Schizophrenia"}, {"weight": 76, "id": "A Treatise of Human Nature"}, {"weight": 26, "id": "A Vindication of the Rights of Woman"}, {"weight": 11, "id": "A Voice Crying in the Wilderness (Vox Clamantis in Deserto): Notes from a Secret Journal"}, {"weight": 39, "id": "A-Ma Alchemy of Love"}, {"weight": 3, "id": "Action Philosophers! Giant-Sized Thing, Vol. 1"}], [{"weight": 58, "id": "101 Philosophy Problems"}, {"weight": 76, "id": "11:11 Inspiring Conversations"}, {"weight": 76, "id": "8 Secrets of Tao Te Ching"}, {"weight": 71, "id": "A Book of Five Rings: The Classic Guide to Strategy"}, {"weight": 53, "id": "A Brief History of Thought: A Philosophical Guide to Living"}, {"weight": 76, "id": "A Brief History of Time"}, {"weight": 66, "id": "A Dialogue on Personal Identity and Immortality"}, {"weight": 66, "id": "A Happy Death"}, {"weight": 73, "id": "A History of God: The 4,000-Year Quest of Judaism, Christianity, and Islam"}, {"weight": 73, "id": "A History of Western Philosophy"}, {"weight": 76, "id": "A Life Worthy of the Gods: The Materialist Psychology of Epicurus"}, {"weight": 58, "id": "A Little History of Philosophy"}, {"weight": 76, "id": "A Lover's Discourse: Fragments"}, {"weight": 76, "id": "A Path with Heart: A Guide Through the Perils and Promises of Spiritual Life"}, {"weight": 73, "id": "A Philosophy of Sport"}, {"weight": 76, "id": "A Room of One's Own"}, {"weight": 71, "id": "A Sand County Almanac and Sketches Here and There"}, {"weight": 71, "id": "A Short History of Decay"}, {"weight": 76, "id": "A Short History of Nearly Everything"}, {"weight": 73, "id": "A Stranger's Knowledge: Statesmanship, Philosophy, and Law in Plato's Statesman"}, {"weight": 76, "id": "A Testament of Hope: The Essential Writings and Speeches"}, {"weight": 66, "id": "A Theory of Justice"}, {"weight": 48, "id": "A Thousand Plateaus: Capitalism and Schizophrenia"}, {"weight": 76, "id": "A Time to Love and a Time to Die"}, {"weight": 21, "id": "A Vindication of the Rights of Woman"}, {"weight": 6, "id": "A Voice Crying in the Wilderness (Vox Clamantis in Deserto): Notes from a Secret Journal"}, {"weight": 31, "id": "A-Ma Alchemy of Love"}, {"weight": 0, "id": "Action Philosophers! Giant-Sized Thing, Vol. 1"}], [{"weight": 26, "id": "101 Philosophy Problems"}, {"weight": 26, "id": "11:11 Inspiring Conversations"}, {"weight": 23, "id": "8 Secrets of Tao Te Ching"}, {"weight": 26, "id": "A Book of Five Rings: The Classic Guide to Strategy"}, {"weight": 26, "id": "A Brief History of Thought: A Philosophical Guide to Living"}, {"weight": 26, "id": "A Brief History of Time"}, {"weight": 26, "id": "A Dialogue on Personal Identity and Immortality"}, {"weight": 26, "id": "A Happy Death"}, {"weight": 26, "id": "A History of God: The 4,000-Year Quest of Judaism, Christianity, and Islam"}, {"weight": 26, "id": "A History of Western Philosophy"}, {"weight": 26, "id": "A Life Worthy of the Gods: The Materialist Psychology of Epicurus"}, {"weight": 26, "id": "A Little History of Philosophy"}, {"weight": 26, "id": "A Lover's Discourse: Fragments"}, {"weight": 26, "id": "A Path with Heart: A Guide Through the Perils and Promises of Spiritual Life"}, {"weight": 26, "id": "A Philosophy of Sport"}, {"weight": 26, "id": "A Room of One's Own"}, {"weight": 21, "id": "A Sand County Almanac and Sketches Here and There"}, {"weight": 26, "id": "A Short History of Decay"}, {"weight": 26, "id": "A Short History of Nearly Everything"}, {"weight": 26, "id": "A Stranger's Knowledge: Statesmanship, Philosophy, and Law in Plato's Statesman"}, {"weight": 26, "id": "A Testament of Hope: The Essential Writings and Speeches"}, {"weight": 26, "id": "A Theory of Justice"}, {"weight": 26, "id": "A Thousand Plateaus: Capitalism and Schizophrenia"}, {"weight": 26, "id": "A Time to Love and a Time to Die"}, {"weight": 21, "id": "A Treatise of Human Nature"}, {"weight": 11, "id": "A Voice Crying in the Wilderness (Vox Clamantis in Deserto): Notes from a Secret Journal"}, {"weight": 39, "id": "A-Ma Alchemy of Love"}, {"weight": 3, "id": "Action Philosophers! Giant-Sized Thing, Vol. 1"}], [{"weight": 11, "id": "101 Philosophy Problems"}, {"weight": 11, "id": "11:11 Inspiring Conversations"}, {"weight": 11, "id": "8 Secrets of Tao Te Ching"}, {"weight": 11, "id": "A Book of Five Rings: The Classic Guide to Strategy"}, {"weight": 6, "id": "A Brief History of Thought: A Philosophical Guide to Living"}, {"weight": 11, "id": "A Brief History of Time"}, {"weight": 11, "id": "A Dialogue on Personal Identity and Immortality"}, {"weight": 6, "id": "A Happy Death"}, {"weight": 11, "id": "A History of God: The 4,000-Year Quest of Judaism, Christianity, and Islam"}, {"weight": 11, "id": "A History of Western Philosophy"}, {"weight": 11, "id": "A Life Worthy of the Gods: The Materialist Psychology of Epicurus"}, {"weight": 11, "id": "A Little History of Philosophy"}, {"weight": 11, "id": "A Lover's Discourse: Fragments"}, {"weight": 11, "id": "A Path with Heart: A Guide Through the Perils and Promises of Spiritual Life"}, {"weight": 11, "id": "A Philosophy of Sport"}, {"weight": 11, "id": "A Room of One's Own"}, {"weight": 11, "id": "A Sand County Almanac and Sketches Here and There"}, {"weight": 11, "id": "A Short History of Decay"}, {"weight": 11, "id": "A Short History of Nearly Everything"}, {"weight": 11, "id": "A Stranger's Knowledge: Statesmanship, Philosophy, and Law in Plato's Statesman"}, {"weight": 11, "id": "A Testament of Hope: The Essential Writings and Speeches"}, {"weight": 6, "id": "A Theory of Justice"}, {"weight": 6, "id": "A Thousand Plateaus: Capitalism and Schizophrenia"}, {"weight": 11, "id": "A Time to Love and a Time to Die"}, {"weight": 6, "id": "A Treatise of Human Nature"}, {"weight": 11, "id": "A Vindication of the Rights of Woman"}, {"weight": 39, "id": "A-Ma Alchemy of Love"}, {"weight": 3, "id": "Action Philosophers! Giant-Sized Thing, Vol. 1"}], [{"weight": 36, "id": "101 Philosophy Problems"}, {"weight": 39, "id": "11:11 Inspiring Conversations"}, {"weight": 39, "id": "8 Secrets of Tao Te Ching"}, {"weight": 39, "id": "A Book of Five Rings: The Classic Guide to Strategy"}, {"weight": 31, "id": "A Brief History of Thought: A Philosophical Guide to Living"}, {"weight": 39, "id": "A Brief History of Time"}, {"weight": 34, "id": "A Dialogue on Personal Identity and Immortality"}, {"weight": 39, "id": "A Happy Death"}, {"weight": 36, "id": "A History of God: The 4,000-Year Quest of Judaism, Christianity, and Islam"}, {"weight": 36, "id": "A History of Western Philosophy"}, {"weight": 39, "id": "A Life Worthy of the Gods: The Materialist Psychology of Epicurus"}, {"weight": 31, "id": "A Little History of Philosophy"}, {"weight": 39, "id": "A Lover's Discourse: Fragments"}, {"weight": 39, "id": "A Path with Heart: A Guide Through the Perils and Promises of Spiritual Life"}, {"weight": 36, "id": "A Philosophy of Sport"}, {"weight": 39, "id": "A Room of One's Own"}, {"weight": 34, "id": "A Sand County Almanac and Sketches Here and There"}, {"weight": 39, "id": "A Short History of Decay"}, {"weight": 39, "id": "A Short History of Nearly Everything"}, {"weight": 36, "id": "A Stranger's Knowledge: Statesmanship, Philosophy, and Law in Plato's Statesman"}, {"weight": 39, "id": "A Testament of Hope: The Essential Writings and Speeches"}, {"weight": 34, "id": "A Theory of Justice"}, {"weight": 36, "id": "A Thousand Plateaus: Capitalism and Schizophrenia"}, {"weight": 39, "id": "A Time to Love and a Time to Die"}, {"weight": 31, "id": "A Treatise of Human Nature"}, {"weight": 39, "id": "A Vindication of the Rights of Woman"}, {"weight": 39, "id": "A Voice Crying in the Wilderness (Vox Clamantis in Deserto): Notes from a Secret Journal"}, {"weight": 0, "id": "Action Philosophers! Giant-Sized Thing, Vol. 1"}], [{"weight": 0, "id": "101 Philosophy Problems"}, {"weight": 3, "id": "11:11 Inspiring Conversations"}, {"weight": 3, "id": "8 Secrets of Tao Te Ching"}, {"weight": 3, "id": "A Book of Five Rings: The Classic Guide to Strategy"}, {"weight": 0, "id": "A Brief History of Thought: A Philosophical Guide to Living"}, {"weight": 3, "id": "A Brief History of Time"}, {"weight": 3, "id": "A Dialogue on Personal Identity and Immortality"}, {"weight": 3, "id": "A Happy Death"}, {"weight": 0, "id": "A History of God: The 4,000-Year Quest of Judaism, Christianity, and Islam"}, {"weight": 0, "id": "A History of Western Philosophy"}, {"weight": 3, "id": "A Life Worthy of the Gods: The Materialist Psychology of Epicurus"}, {"weight": 0, "id": "A Little History of Philosophy"}, {"weight": 3, "id": "A Lover's Discourse: Fragments"}, {"weight": 3, "id": "A Path with Heart: A Guide Through the Perils and Promises of Spiritual Life"}, {"weight": 0, "id": "A Philosophy of Sport"}, {"weight": 3, "id": "A Room of One's Own"}, {"weight": 3, "id": "A Sand County Almanac and Sketches Here and There"}, {"weight": 3, "id": "A Short History of Decay"}, {"weight": 3, "id": "A Short History of Nearly Everything"}, {"weight": 0, "id": "A Stranger's Knowledge: Statesmanship, Philosophy, and Law in Plato's Statesman"}, {"weight": 3, "id": "A Testament of Hope: The Essential Writings and Speeches"}, {"weight": 3, "id": "A Theory of Justice"}, {"weight": 0, "id": "A Thousand Plateaus: Capitalism and Schizophrenia"}, {"weight": 3, "id": "A Time to Love and a Time to Die"}, {"weight": 0, "id": "A Treatise of Human Nature"}, {"weight": 3, "id": "A Vindication of the Rights of Woman"}, {"weight": 3, "id": "A Voice Crying in the Wilderness (Vox Clamantis in Deserto): Notes from a Secret Journal"}, {"weight": 0, "id": "A-Ma Alchemy of Love"}]]}