{"may": 113, "sat": 275, "heard": 240, "look": 553, "turn": 286, "becam": 88, "ought": 76, "must": 356, "knew": 473, "alway": 119, "saw": 493, "thought": 772, "cri": 441, "held": 122, "ask": 754, "never": 232, "answer": 230, "found": 244, "whisper": 102, "spoke": 180, "began": 281, "felt": 567, "exclaim": 265, "almost": 31, "rememb": 119, "gasp": 31, "might": 408, "talk": 79, "use": 119, "didnt": 158, "caught": 54, "explain": 46, "stood": 242, "made": 176, "came": 342, "reach": 60, "pass": 86, "took": 242, "warnt": 8, "couldnt": 75, "come": 98, "jump": 22, "wonder": 82, "wouldnt": 69, "hadnt": 43, "announc": 24, "ever": 69, "know": 88, "like": 170, "doesnt": 82, "meant": 90, "realli": 69, "think": 60, "left": 122, "isnt": 21, "hope": 39, "wrote": 83, "love": 126, "gave": 172, "end": 13, "first": 29, "inquir": 33, "walk": 115, "stop": 79, "ran": 78, "laugh": 109, "repli": 280, "falter": 26, "repeat": 145, "declar": 38, "call": 116, "demand": 42, "command": 13, "lift": 40, "glanc": 43, "understood": 46, "still": 73, "suddenli": 41, "linger": 9, "expect": 35, "return": 92, "appear": 44, "kept": 83, "listen": 39, "recogn": 16, "rose": 60, "live": 74, "move": 46, "present": 28, "also": 23, "seem": 178, "suppos": 54, "wander": 6, "onli": 87, "often": 37, "wish": 118, "observ": 47, "need": 63, "scarc": 29, "receiv": 36, "wont": 43, "broke": 56, "simpli": 11, "remark": 37, "drew": 71, "believ": 65, "enquir": 12, "paus": 44, "cant": 44, "care": 40, "smile": 45, "perceiv": 28, "rais": 42, "drop": 28, "remain": 37, "gaze": 22, "reflect": 32, "murmur": 128, "retort": 17, "glide": 8, "brought": 33, "doe": 85, "enter": 32, "determin": 18, "kiss": 30, "play": 19, "pour": 14, "continu": 147, "drove": 20, "tri": 75, "fell": 41, "lay": 63, "blush": 10, "immedi": 9, "sate": 15, "fanci": 16, "read": 64, "chose": 24, "quit": 16, "sent": 17, "take": 23, "long": 13, "consid": 30, "die": 24, "make": 23, "sit": 16, "se": 6, "aint": 15, "tell": 13, "go": 29, "rush": 12, "soon": 14, "dare": 19, "crouch": 6, "plead": 17, "sang": 18, "hate": 21, "wait": 25, "shook": 18, "watch": 36, "wasnt": 16, "realiz": 16, "bought": 8, "feel": 21, "ast": 36, "dont": 21, "gon": 6, "big": 5, "start": 19, "sing": 5, "git": 7, "mutter": 16, "sigh": 37, "implor": 9, "muse": 8, "forgot": 13, "mused": 12, "conclud": 22, "figur": 5, "pull": 12, "sought": 9, "hesit": 13, "open": 20, "agre": 6, "shut": 13, "assert": 7, "realis": 14, "notic": 12, "follow": 5, "point": 7, "hum": 6, "mean": 8, "resum": 13, "protest": 9, "note": 5, "proce": 7, "add": 163, "suffer": 8, "persist": 7, "mock": 11, "wept": 5}