{"took": 149, "ask": 228, "saw": 252, "knew": 199, "didnt": 43, "felt": 262, "found": 121, "need": 36, "whisper": 65, "look": 142, "might": 205, "cri": 209, "seem": 101, "turn": 121, "began": 149, "answer": 97, "held": 47, "spoke": 98, "love": 115, "appear": 44, "point": 24, "made": 107, "rose": 31, "never": 78, "gave": 96, "doe": 72, "may": 79, "must": 207, "wept": 21, "came": 173, "flew": 23, "fell": 50, "sat": 93, "ran": 77, "heard": 130, "thought": 208, "rue": 5, "call": 63, "alway": 45, "plead": 11, "lay": 35, "couldnt": 19, "know": 51, "stood": 55, "realiz": 14, "hate": 12, "repli": 75, "murmur": 40, "pass": 43, "enter": 32, "utter": 17, "wore": 24, "still": 37, "resum": 23, "caught": 24, "becam": 40, "exclaim": 59, "rais": 25, "gaze": 18, "paus": 17, "blows": 8, "drew": 34, "repeat": 32, "perceiv": 20, "beheld": 23, "tri": 38, "walk": 18, "kiss": 17, "meant": 16, "ought": 32, "realli": 23, "onli": 27, "hope": 22, "cannot": 35, "continu": 52, "wish": 44, "hath": 78, "lies": 7, "think": 12, "shall": 72, "die": 12, "make": 17, "speaks": 5, "live": 23, "come": 45, "hear": 7, "hold": 6, "comes": 12, "doth": 24, "lovd": 5, "speak": 9, "give": 15, "weep": 6, "take": 9, "suddenli": 18, "left": 39, "added": 79, "laugh": 15, "return": 21, "marri": 8, "write": 8, "fanci": 12, "sank": 7, "recogn": 7, "smile": 7, "move": 7, "glanc": 9, "concluded": 5, "notic": 6, "understood": 11, "wont": 8, "brought": 5, "wrote": 7, "show": 6, "use": 12, "rememb": 5, "met": 5, "kept": 8, "recal": 5, "receiv": 5, "mutter": 5, "shew": 6}