{"might": 549, "saw": 552, "didnt": 226, "thought": 716, "stop": 99, "stood": 289, "turn": 311, "knew": 537, "sat": 284, "made": 293, "look": 594, "call": 210, "pass": 126, "took": 421, "walk": 198, "never": 278, "bent": 41, "laid": 68, "held": 135, "lay": 97, "came": 513, "found": 271, "live": 83, "come": 194, "answer": 262, "becam": 97, "heard": 218, "must": 381, "spoke": 241, "left": 173, "ask": 730, "may": 180, "felt": 441, "rememb": 110, "doesnt": 109, "read": 92, "wonder": 78, "cri": 252, "began": 315, "pray": 17, "fell": 82, "seem": 290, "begun": 8, "hadnt": 67, "wouldnt": 103, "haint": 5, "couldnt": 116, "believ": 67, "hope": 46, "reckon": 19, "alway": 118, "lock": 12, "know": 118, "give": 45, "onli": 88, "warnt": 21, "dont": 57, "judg": 15, "aint": 32, "allow": 22, "ever": 91, "like": 174, "doe": 148, "cant": 58, "think": 86, "love": 136, "strode": 24, "met": 67, "drew": 100, "clap": 18, "shot": 24, "carri": 42, "sang": 25, "shall": 52, "hath": 35, "gave": 210, "doth": 8, "bade": 19, "thrust": 15, "struck": 34, "kept": 99, "leap": 11, "cut": 25, "enter": 57, "open": 82, "spake": 5, "smote": 7, "led": 34, "present": 36, "ran": 72, "wish": 126, "push": 28, "also": 35, "reach": 61, "sternli": 5, "aros": 11, "almost": 33, "hate": 54, "actual": 21, "exclaim": 127, "suddenli": 60, "wore": 43, "inquir": 28, "declar": 39, "repeat": 169, "shout": 58, "continu": 163, "meant": 96, "regard": 23, "shouldnt": 14, "chose": 45, "appear": 58, "ought": 66, "broke": 46, "murmur": 49, "talk": 75, "wait": 38, "realli": 81, "rais": 45, "show": 56, "paus": 44, "care": 46, "return": 145, "expect": 48, "threw": 43, "rejoin": 8, "mutter": 59, "repli": 259, "lost": 27, "use": 125, "realiz": 25, "demand": 31, "brought": 50, "ate": 24, "halt": 9, "die": 39, "wont": 64, "take": 56, "reflect": 24, "wasnt": 56, "near": 8, "start": 63, "isnt": 12, "owe": 27, "arriv": 17, "describ": 14, "grew": 17, "marri": 20, "flung": 22, "laugh": 72, "drove": 15, "promis": 9, "step": 22, "sent": 28, "sate": 12, "drank": 27, "tri": 67, "rode": 22, "paid": 21, "need": 47, "consid": 38, "wrote": 36, "receiv": 28, "IS": 7, "find": 29, "address": 21, "utter": 13, "still": 54, "sit": 19, "rub": 13, "shut": 16, "stand": 14, "certainli": 19, "keep": 11, "mean": 31, "first": 37, "tell": 23, "observ": 63, "make": 27, "feel": 23, "add": 192, "cannot": 19, "sank": 18, "even": 15, "notic": 23, "gaze": 9, "tore": 11, "cross": 20, "fanci": 13, "decid": 28, "listen": 31, "rush": 11, "go": 39, "understood": 20, "whisper": 27, "recognis": 13, "woke": 13, "shook": 23, "pull": 28, "order": 7, "desir": 16, "intend": 19, "pleas": 11, "soon": 10, "perceiv": 13, "place": 13, "admit": 15, "stuck": 6, "forgot": 14, "rose": 25, "realis": 14, "finish": 12, "loved": 15, "dare": 11, "watch": 27, "insist": 12, "caught": 16, "glanc": 16, "plead": 6, "belong": 9, "persist": 11, "work": 12, "retort": 13, "kiss": 29, "touch": 19, "suggest": 12, "approach": 10, "becom": 8, "remark": 43, "ast": 25, "beat": 6, "check": 7, "proceed": 8, "hesit": 10, "suppos": 15, "conclud": 20, "smile": 10, "remind": 5, "nod": 7, "move": 6, "lean": 5, "remain": 7, "close": 5, "slept": 5}