{"never": 234, "made": 401, "found": 443, "took": 486, "left": 198, "thought": 538, "might": 560, "must": 439, "saw": 754, "kept": 112, "heard": 347, "exclaim": 178, "wait": 54, "ask": 494, "knew": 513, "didnt": 70, "look": 385, "come": 210, "hath": 361, "may": 308, "point": 75, "turn": 348, "answer": 238, "grew": 68, "wish": 200, "came": 535, "spoke": 314, "repli": 180, "led": 53, "doe": 239, "call": 227, "brought": 62, "seem": 261, "live": 115, "show": 54, "meant": 101, "began": 355, "find": 67, "like": 80, "becam": 130, "use": 100, "read": 84, "fanci": 28, "perceiv": 117, "drew": 176, "pass": 162, "believ": 96, "rode": 66, "return": 145, "remain": 117, "bore": 54, "held": 174, "determin": 29, "stretch": 28, "laid": 80, "felt": 471, "understood": 70, "rais": 121, "direct": 21, "gave": 275, "resolv": 25, "need": 73, "know": 166, "beg": 33, "cri": 369, "wore": 77, "desir": 50, "continu": 247, "fell": 182, "observ": 40, "met": 123, "sat": 188, "awok": 19, "reach": 126, "stood": 216, "ran": 108, "shall": 260, "order": 49, "soon": 66, "slept": 42, "jump": 40, "lift": 35, "threw": 100, "lay": 117, "sent": 82, "still": 110, "flew": 31, "seiz": 45, "doth": 69, "love": 155, "realli": 83, "wasnt": 17, "hate": 32, "wouldnt": 25, "arriv": 53, "belong": 28, "bestow": 14, "rose": 98, "appear": 109, "touch": 26, "enter": 124, "mount": 24, "descend": 29, "talk": 48, "medit": 14, "onli": 83, "drop": 44, "wrote": 83, "walk": 98, "open": 83, "gaze": 65, "recogn": 49, "caught": 67, "beheld": 88, "chanc": 18, "lost": 48, "think": 91, "paus": 53, "offer": 41, "risk": 12, "carri": 66, "shut": 24, "close": 42, "shook": 53, "utter": 55, "ate": 22, "stop": 80, "pronounc": 18, "emerg": 13, "judg": 22, "possess": 51, "tri": 92, "feel": 41, "shout": 103, "resum": 41, "place": 75, "murmur": 63, "mutter": 88, "halt": 29, "go": 37, "smile": 39, "examin": 24, "sought": 71, "listen": 47, "ascend": 14, "sometim": 31, "avoid": 16, "address": 38, "alway": 115, "approach": 68, "rememb": 77, "allow": 30, "recal": 24, "fear": 52, "conceal": 13, "push": 22, "demand": 29, "reflect": 40, "stare": 18, "breath": 24, "encount": 20, "lean": 36, "advanc": 34, "grasp": 21, "trembl": 20, "hurl": 12, "bent": 19, "tore": 28, "drank": 16, "experienc": 18, "pick": 22, "flung": 28, "thrust": 18, "sprang": 38, "prefer": 22, "take": 76, "repeat": 91, "cut": 22, "paid": 23, "owe": 45, "accept": 18, "inquir": 36, "seat": 18, "add": 297, "cannot": 102, "ever": 60, "dont": 6, "proce": 26, "plung": 14, "cast": 42, "suddenli": 63, "spake": 20, "thu": 25, "make": 56, "notic": 52, "wonder": 17, "remark": 32, "pull": 29, "start": 42, "ought": 81, "whisper": 59, "learn": 43, "realiz": 18, "commenc": 22, "discov": 21, "hasten": 18, "travel": 8, "die": 69, "give": 42, "comes": 29, "bid": 19, "hi": 24, "mean": 24, "slew": 9, "hold": 24, "swear": 10, "gone": 13, "marri": 23, "fought": 17, "hear": 21, "seek": 11, "dare": 34, "follow": 19, "wear": 19, "speak": 39, "sleep": 6, "dead": 12, "pleas": 28, "send": 19, "keep": 18, "stand": 21, "bring": 13, "deserv": 12, "break": 9, "promisd": 7, "swore": 10, "looks": 7, "tell": 24, "bear": 23, "fall": 14, "thinks": 10, "sit": 16, "lie": 25, "whose": 20, "calld": 6, "write": 20, "begin": 12, "lies": 18, "grow": 8, "laugh": 30, "declar": 14, "even": 43, "chang": 13, "expect": 38, "first": 20, "wont": 22, "conclud": 34, "moved": 7, "stands": 14, "shake": 7, "fli": 7, "flies": 19, "fled": 9, "bends": 6, "falls": 13, "tumbl": 15, "turnd": 5, "passd": 10, "move": 45, "also": 53, "immedi": 28, "motion": 10, "aros": 21, "quit": 15, "glanc": 23, "fix": 8, "disappear": 15, "care": 13, "therefor": 14, "drag": 10, "propos": 9, "intend": 39, "receiv": 50, "struck": 21, "sold": 9, "rush": 19, "hope": 26, "bow": 25, "step": 24, "requir": 13, "decid": 24, "endeavor": 6, "reckon": 7, "entertain": 6, "doesnt": 24, "leant": 7, "cant": 13, "onc": 6, "roar": 6, "kiss": 10, "wave": 6, "regard": 10, "press": 8, "piti": 6, "stay": 5, "frown": 8, "watch": 8, "gallop": 6, "imagin": 11, "drove": 10, "alon": 13, "spent": 9, "mention": 7, "scream": 5, "veri": 7, "express": 8, "often": 6, "consid": 17, "hand": 8, "enjoy": 5, "died": 7, "shew": 11}